ts_BTC,size BID,price BID,size BTC,price BTC,size ASK,price ASK,Saldo,price BTC_EUR,size BID_norm,price BID_norm,size BID_Low,size BID_Medium,size BID_High,Saldo_binned,price BTC_binned,size BTC_binned
2023-01-02 00:00:00,449.43035822,16534.467889908257,78.20462,16631.23205741627,347.21972515,16704.590163934427,102.21063307000004,15799.670454545456,0.1932800608862923,0.0067428821390649,1,0,0,Low,Low,Low
2023-01-02 01:00:00,494.69749344,16526.465346534653,5.760638,16601.16384180791,413.38543807,16697.507142857143,81.31205537000005,15771.105649717512,0.2127474477493462,0.0044475651486193,1,0,0,Low,Low,Low
2023-01-02 02:00:00,465.45035062,16510.959064327486,1.625311,16598.757575757576,457.26706072,16682.005847953216,8.183289899999977,15768.819696969696,0.2001695489901517,0.0,1,0,0,Low,Low,Low
2023-01-02 03:00:00,479.62504716,16519.962962962964,10.49046,16654.61214953271,383.59150229,16703.007751937985,96.03354487,15821.881542056071,0.2062654571997053,0.0025825291477241,1,0,0,Low,Low,Low
2023-01-02 04:00:00,581.5857918199999,16556.973384030418,4.363636,16671.981072555205,365.10131567,16772.92261904762,216.48447615,15838.382018927445,0.2501142506233346,0.0131979853013124,1,0,0,Medium,Low,Low
2023-01-02 05:00:00,471.33054956,16542.470085470086,3.305276,16658.44600938967,466.65916388,16767.898876404495,4.671385680000014,15825.523708920186,0.2026983617157717,0.0090380993689418,1,0,0,Low,Low,Low
2023-01-02 06:00:00,481.64081472,16549.47177419355,2.464498,16667.70802919708,453.31708441,16765.387978142076,28.323730309999974,15834.322627737229,0.2071323494102637,0.0110463477892865,1,0,0,Low,Low,Low
2023-01-02 07:00:00,385.72659904,16545.970954356846,52.142256,16747.515325670498,434.37198247,16840.118918918917,-48.64538342999998,15910.139559386973,0.1658838998842602,0.0100422306134673,1,0,0,Low,Low,Low
2023-01-02 08:00:00,648.09464596,16586.478260869564,23.224347,16763.064516129034,494.85161935,16840.118918918917,153.24302660999996,15924.91129032258,0.2787167585370617,0.021660675467201,1,0,0,Low,Low,Low
2023-01-02 09:00:00,607.08658567,16590.978851963748,7.252026,16752.534818941505,431.08531523,16844.625,176.00127043999998,15914.908077994429,0.2610810108740165,0.022951550470716,1,0,0,Low,Low,Low
2023-01-02 10:00:00,642.03374749,16583.977917981072,12.34088,16756.711711711712,478.01503906,16837.615789473683,164.01870843,15918.876126126126,0.2761102349592,0.0209435185277184,1,0,0,Low,Low,Low
2023-01-02 11:00:00,750.91015875,16591.97897897898,5.490432,16750.51724137931,448.77255643,16844.12429378531,302.13760232000004,15912.991379310346,0.3229331498169293,0.023238410338072,1,0,0,Medium,Low,Low
2023-01-02 12:00:00,625.89313748,16591.97897897898,5.411998,16759.245,441.45936761,16845.626436781607,184.43376987,15921.282749999998,0.2691688745717301,0.023238410338072,1,0,0,Medium,Low,Low
2023-01-02 13:00:00,531.88290767,16574.476510067114,11.897577,16732.62162162162,479.51714853,16841.620879120877,52.36575914000002,15895.99054054054,0.2287392449099159,0.0182182920590934,1,0,0,Low,Low,Low
2023-01-02 14:00:00,546.46787651,16573.976430976432,7.319514,16719.079069767442,496.76562496,16827.60476190476,49.70225154999997,15883.125116279069,0.2350115930365192,0.0180748576558267,1,0,0,Low,Low,Low
2023-01-02 15:00:00,542.78337022,16587.478395061727,15.477627,16742.835443037973,399.90290268,16828.60576923077,142.88046754000004,15905.693670886074,0.2334270503214084,0.0219475373930695,1,0,0,Low,Low,Low
2023-01-02 16:00:00,626.96838879,16589.978723404256,9.543045,16750.051020408162,428.87658175,16843.623595505618,198.09180704,15912.548469387752,0.2696312924633207,0.0226646901604299,1,0,0,Medium,Low,Low
2023-01-02 17:00:00,545.15154899,16580.977491961414,4.49898,16733.370860927153,461.92620354,16834.61224489796,83.22534545000002,15896.702317880794,0.2344454989608552,0.0200829260260624,1,0,0,Low,Low,Low
2023-01-02 18:00:00,557.35884277,16579.977346278316,1.16716,16733.266666666666,408.93481336,16833.61111111111,148.42402941,15896.603333333333,0.2396953145149266,0.0197960608043246,1,0,0,Low,Low,Low
2023-01-02 19:00:00,632.07650892,16584.018927444795,5.038244,16738.774647887323,473.04194984,16836.113989637306,159.03455908,15901.835915492957,0.2718280683412368,0.0209552810030286,1,0,0,Low,Low,Low
2023-01-02 20:00:00,584.44007638,16586.978328173376,15.468384,16738.41379310345,461.84553273,16840.619565217392,122.59454365000003,15901.493103448276,0.2513417517999987,0.0218041064897178,1,0,0,Low,Low,Low
2023-01-02 21:00:00,564.50944887,16585.478125,15.110706,16749.483870967742,415.79339374,16837.615789473683,148.71605513000003,15912.009677419355,0.242770473006346,0.0213738130602152,1,0,0,Low,Low,Low
2023-01-02 22:00:00,607.68119491,16598.979827089337,18.068851,16740.929663608564,416.30403091,16854.731707317074,191.37716400000005,15903.883180428134,0.2613367259319977,0.0252464176508775,1,0,0,Medium,Low,Low
2023-01-02 23:00:00,536.10832147,16570.97594501718,9.399823,16711.178571428572,545.59895388,16822.43859649123,-9.49063240999999,15875.619642857144,0.2305564079510783,0.0172142479620909,1,0,0,Low,Low,Low
2023-01-03 00:00:00,583.7147049600001,16557.473484848484,3.629158,16703.52475247525,491.85886877,16813.153846153848,91.85583619000003,15868.348514851485,0.2510298017288508,0.0133414259365016,1,0,0,Low,Low,Low
2023-01-03 01:00:00,500.83056644,16573.47635135135,10.948286,16697.248888888887,573.62517276,16816.6584681413,-72.79460632000007,15862.386444444444,0.2153850103909864,0.0179314230992817,1,0,0,Low,Low,Low
2023-01-03 02:00:00,287.91165639,16564.474820143885,2.406393,16706.633027522937,394.48524812,16820.163090128757,-106.57359172999998,15871.30137614679,0.1238180320023965,0.0153495729853947,1,0,0,Low,Low,Low
2023-01-03 03:00:00,526.771548,16569.97577854671,1.438553,16707.76551724138,438.35970042,16820.66379310345,88.41184758000009,15872.37724137931,0.2265410758495478,0.0169273767780477,1,0,0,Low,Low,Low
2023-01-03 04:00:00,552.91426332,16569.97577854671,5.413878,16715.170731707316,468.33394194,16825.671171171172,84.58032138000004,15879.41219512195,0.2377838980496209,0.0169273767780477,1,0,0,Low,Low,Low
2023-01-03 05:00:00,562.58622706,16577.89802631579,0.671004,16727.72463768116,523.82959385,16824.66964285714,38.75663321000002,15891.338405797102,0.2419433806176456,0.0191996631072752,1,0,0,Low,Low,Low
2023-01-03 06:00:00,581.94181138,16586.978328173376,22.256222,16773.86101694915,449.44900538,16842.702127659573,132.49280599999997,15935.167966101691,0.2502673588434959,0.0218041064897178,1,0,0,Low,Low,Low
2023-01-03 07:00:00,516.63614149,16592.47904191617,4.924097,16749.80412371134,455.21341178,16848.6797752809,61.42272971,15912.313917525771,0.2221822871039037,0.0233818401081391,1,0,0,Low,Low,Low
2023-01-03 08:00:00,688.87581702,16590.978851963748,2.962031,16744.5641025641,386.0007883,16847.17679558011,302.87502872,15907.335897435896,0.2962549312068142,0.022951550470716,1,0,0,Medium,Low,Low
2023-01-03 09:00:00,546.63305864,16581.977635782747,25.389311,16765.73275862069,444.9620259,16854.191616766468,101.67103273999992,15927.446120689654,0.2350826305433538,0.0203697907138025,1,0,0,Low,Low,Low
2023-01-03 10:00:00,569.0703621,16595.979472140763,13.529332,16762.1843575419,344.60131276,16852.187134502925,224.46904934000003,15924.075139664805,0.2447319194700047,0.0243858455340744,1,0,0,Medium,Low,Low
2023-01-03 11:00:00,586.2249440100001,16589.978723404256,1.669353,16750.637426900586,377.95029749,16841.165803108808,208.2746465200001,15913.105555555556,0.2521093441931042,0.0226646901604299,1,0,0,Medium,Low,Low
2023-01-03 12:00:00,524.73484965,16585.478125,6.691818,16740.733695652172,403.40699179,16841.666666666668,121.32785786,15903.697010869562,0.2256651822346747,0.0213738130602152,1,0,0,Low,Low,Low
2023-01-03 13:00:00,608.47037166,16579.477272727272,58.75004,16754.917159763314,399.54830065,16843.67021276596,208.92207101,15917.171301775148,0.2616761158452518,0.0196526279899558,1,0,0,Medium,Low,Low
2023-01-03 14:00:00,579.64490054,16587.978461538463,89.787108,16754.382494004796,482.45927778,16844.171122994652,97.18562276,15916.663369304557,0.2492795593793834,0.0220909681783609,1,0,0,Low,Low,Low
2023-01-03 15:00:00,548.48476408,16553.47265625,43.807917,16666.394793926247,678.87314553,16810.603846153845,-130.38838145,15833.075054229934,0.2358789669136963,0.0121938945293926,1,0,0,Low,Low,Low
2023-01-03 16:00:00,537.79873131,16557.97358490566,17.52477,16663.14769230769,465.21846403,16815.616,72.58026727999999,15829.990307692306,0.2312833782387375,0.0134848663534503,1,0,0,Low,Low,Low
2023-01-03 17:00:00,510.59818669,16531.466981132075,8.674212,16639.68202764977,555.40960833,16789.095709570956,-44.81142163999999,15807.69792626728,0.2195856305807557,0.0058821511715239,1,0,0,Low,Low,Low
2023-01-03 18:00:00,514.34429351,16532.467289719625,6.431445,16651.76651982379,605.42274795,16790.09634551495,-91.07845443999996,15819.178193832598,0.221196664951295,0.0061690631180768,1,0,0,Low,Low,Low
2023-01-03 19:00:00,489.14008897,16540.969696969696,17.373633,16650.344537815126,581.2656438,16800.103202846974,-92.12555483,15817.82731092437,0.210357454606503,0.0086077527833081,1,0,0,Low,Low,Low
2023-01-03 20:00:00,461.25839507,16541.469827586207,5.984233,16670.438144329895,471.4681084,16799.102473498235,-10.20971333,15836.9162371134,0.198366774858147,0.0087512019653903,1,0,0,Low,Low,Low
2023-01-03 21:00:00,528.43799863,16548.97165991903,13.820239,16677.506493506495,508.83825138,16811.111969111967,19.599747250000064,15843.631168831169,0.2272577423437875,0.01090290329447,1,0,0,Low,Low,Low
2023-01-03 22:00:00,485.84482388,16553.972762645913,8.652493,16675.356,529.27836783,16811.612403100775,-43.43354395,15841.588199999998,0.2089403072652459,0.0123373367644399,1,0,0,Low,Low,Low
2023-01-03 23:00:00,455.52845143,16557.473484848484,1.131146,16690.46046511628,489.93640418,16813.113725490195,-34.40795274999999,15855.937441860466,0.1959025802719145,0.0133414259365016,1,0,0,Low,Low,Low
2023-01-04 00:00:00,516.54715779,16557.473484848484,3.518761,16681.37786259542,522.43153755,16815.115537848607,-5.884379760000002,15847.308969465646,0.2221440191617424,0.0133414259365016,1,0,0,Low,Low,Low
2023-01-04 01:00:00,533.9153297400001,16571.47602739726,10.24527,16724.37084398977,495.63617725,16807.10861423221,38.27915249000006,15888.152301790282,0.2296132994864515,0.017357683308834,1,0,0,Low,Low,Low
2023-01-04 02:00:00,559.38328659,16572.976271186442,6.196117,16743.280701754386,425.38241195,16830.631818181817,134.00087464,15906.116666666663,0.2405659380000427,0.0177879883879015,1,0,0,Low,Low,Low
2023-01-04 03:00:00,692.5384889950001,16590.978851963748,31.398716,16831.280487804877,419.51744978,16926.51282051282,181.75629655,15989.716463414632,0.2978300839515872,0.022951550470716,1,0,0,Medium,Low,Low
2023-01-04 04:00:00,825.6936914,16654.484716157207,193.810725,16893.55033557047,438.26575718,16954.22695035461,387.42793422000005,16048.872818791948,0.3550942299031316,0.0411665206709388,0,1,0,Medium,Low,Low
2023-01-04 05:00:00,803.4105018399999,16654.984749455336,10.819224,16870.830985915494,531.2154829,16972.185792349726,272.19501893999995,16027.289436619718,0.3455112185285655,0.0413099419398284,0,1,0,Medium,Low,Low
2023-01-04 06:00:00,810.67791098,16648.984340044743,2.777983,16878.537037037036,418.56596073,16968.37172774869,392.11195025,16034.610185185184,0.3486366088262481,0.039588883892808,0,1,0,Medium,Low,Low
2023-01-04 07:00:00,823.7731535,16657.98494623656,11.106372,16886.484581497796,330.08124927,16975.863636363636,493.69190423,16042.160352422905,0.3542682917450673,0.0421704686905286,0,1,0,Medium,Low,Low
2023-01-04 08:00:00,737.17798295,16658.985010706638,23.119939,16884.941860465115,401.92605448,16978.85465116279,335.25192847,16040.69476744186,0.3170275501479678,0.0424573106184684,1,0,0,Medium,Low,Low
2023-01-04 09:00:00,807.17345347,16638.483568075117,17.868371,16871.46749226006,691.53497853,16978.137566137568,115.63847494000004,16027.894117647056,0.3471294971046704,0.0365770163915115,0,1,0,Low,Low,Low
2023-01-04 10:00:00,809.83997552,16642.483870967742,13.922055,16853.877551020407,441.50020199,16966.1220657277,368.33977353000006,16011.183673469386,0.3482762499547001,0.0377243970138589,0,1,0,Medium,Low,Low
2023-01-04 11:00:00,718.97809262,16641.983833718245,11.919265,16858.08810572687,462.38725315,16964.62037037037,256.59083947,16015.183700440526,0.3092005846420366,0.0375809746116244,1,0,0,Medium,Low,Low
2023-01-04 12:00:00,732.12384138,16638.983606557376,18.018841,16840.610921501706,497.09824376,16962.618181818183,235.02559762000004,15998.58037542662,0.3148539880542844,0.0367204391473308,1,0,0,Medium,Low,Low
2023-01-04 13:00:00,717.73669787,16624.98245614035,1.322305,16834.203703703704,488.45762376,16954.610169491527,229.27907410999995,15992.49351851852,0.308666715826823,0.0327045810710115,1,0,0,Medium,Low,Low
2023-01-04 14:00:00,771.52204062,16630.482926829267,27.42037,16830.93272171254,453.10351329,16954.10970464135,318.41852733,15989.386085626911,0.331797405891203,0.0342822449758841,1,0,0,Medium,Low,Low
2023-01-04 15:00:00,689.02105936,16643.983981693364,52.507036,16821.296229802512,375.20075739,16954.610169491527,313.82030197,15980.231418312384,0.2963173934944746,0.0381546639271794,1,0,0,Medium,Low,Low
2023-01-04 16:00:00,883.74058947,16643.983981693364,5.752294,16875.330677290836,580.5947255,16967.623809523808,303.14586397000005,16031.564143426294,0.3800576258732322,0.0381546639271794,0,1,0,Medium,Low,Low
2023-01-04 17:00:00,515.33164031,16780.9587628866,20.135391,16915.98051948052,374.21567286,17004.006896551724,141.11596744999997,16070.181493506492,0.2216212790124716,0.0774422413706776,1,0,0,Low,Low,Low
2023-01-04 18:00:00,538.29638295,16797.875536480686,14.449791,16945.002247191012,389.61673964,16995.506172839505,148.67964330999996,16097.75213483146,0.23149739613388,0.0822943685059209,1,0,0,Low,Low,Low
2023-01-04 19:00:00,479.30716299,16825.89965397924,45.412145,16887.329624478443,535.7028918,16984.07266435986,-56.39572880999998,16042.96314325452,0.2061287493191435,0.0903323421892441,1,0,0,Low,Low,Low
2023-01-04 20:00:00,464.1955008,16743.924170616112,35.492293,16829.06067961165,544.88724107,16991.076363636363,-80.69174026999997,15987.607645631067,0.1996298937461816,0.0668198523495728,1,0,0,Low,Low,Low
2023-01-04 21:00:00,440.97073543,16733.49494949495,40.626407,16825.763157894737,602.07887255,16973.067524115755,-161.10813712000004,15984.475,0.1896419523828924,0.0638285073085107,1,0,0,Low,Low,Low
2023-01-04 22:00:00,448.73689876,16736.495093795093,3.509876,16841.68263473054,591.04702908,16982.07167235495,-142.31013032000004,15999.598502994011,0.1929818347335646,0.0646890190064066,1,0,0,Low,Low,Low
2023-01-04 23:00:00,469.67275313,16739.495238095238,18.605114,16854.741525423728,647.92811311,16986.573943661973,-178.25535998000004,16012.00444915254,0.2019854170090623,0.0655495307043034,1,0,0,Low,Low,Low
2023-01-05 00:00:00,497.04341303,16749.49565217391,0.8723609999999999,16865.11186440678,520.76912405,16987.07420587354,-23.72571101999995,16021.85627118644,0.2137563237028651,0.0684178838358819,1,0,0,Low,Low,Low
2023-01-05 01:00:00,474.42991218,16740.495283018867,3.529434,16839.911877394636,493.11641298,16987.574468085106,-18.68650080000004,15997.916283524904,0.2040312600946771,0.0658363670258639,1,0,0,Low,Low,Low
2023-01-05 02:00:00,442.74233756,16759.303571428572,2.945422,16842.209523809524,460.33205452,16929.070175438595,-17.589716959999976,16000.099047619047,0.1904038398728894,0.0712310249405465,1,0,0,Low,Low,Low
2023-01-05 03:00:00,394.54990336,16746.619883040934,7.879668,16838.31325301205,427.86760828,16929.570588235296,-33.31770492000004,15996.397590361446,0.1696784116812427,0.0675930458508364,1,0,0,Low,Low,Low
2023-01-05 04:00:00,375.62601204,16747.62427745665,1.644842,16841.968421052632,306.00152453,16924.566666666666,69.62448751,15999.87,0.1615400854653159,0.0678811297086641,1,0,0,Low,Low,Low
2023-01-05 05:00:00,653.45714717,16757.663212435233,2.546683,16856.30625,472.6284576,16935.537037037036,180.82868957,16013.4909375,0.2810229324334504,0.0707605315371289,1,0,0,Medium,Low,Low
2023-01-05 06:00:00,572.16662018,16759.670050761422,3.170724,16843.67336683417,398.02541138,16939.5987654321,174.14120880000002,16001.48969849246,0.2460634827239697,0.0713361398021676,1,0,0,Low,Low,Low
2023-01-05 07:00:00,441.32339478,16747.2183908046,4.839491,16822.79365079365,401.00835863,16928.03743315508,40.315036150000026,15981.653968253966,0.1897936155257875,0.0677647119043296,1,0,0,Low,Low,Low
2023-01-05 08:00:00,417.6503668,16738.78453038674,7.944001,16827.70303030303,419.59466562,16925.536458333332,-1.9442988200000288,15986.317878787877,0.1796128962983214,0.0653456830770684,1,0,0,Low,Low,Low
2023-01-05 09:00:00,439.29452521,16732.871345029238,9.811079,16808.107476635512,449.69577274,16920.03448275862,-10.401247529999978,15967.702102803736,0.1889210887219173,0.0636496429326936,1,0,0,Low,Low,Low
2023-01-05 10:00:00,431.4398027,16727.458333333332,0.987821,16832.830188679247,449.41254881,16916.533333333333,-17.972746110000003,15991.188679245284,0.1855431209963045,0.0620970643167408,1,0,0,Low,Low,Low
2023-01-05 11:00:00,477.50372125,16741.464285714286,0.367659,16836.723880597016,396.83674141,16930.03825136612,80.66697984000001,15994.887686567165,0.2053531690252519,0.0661142997088557,1,0,0,Low,Low,Low
2023-01-05 12:00:00,473.608451305,16744.96551724138,7.626256,16839.48538011696,392.00803908,16934.04,93.83546984999998,15997.511111111113,0.203677986211345,0.0671185349671281,1,0,0,Low,Low,Low
2023-01-05 13:00:00,469.71318136,16738.463157894737,15.253216,16813.87108013937,380.99823068,16914.532710280375,88.71495068000002,15973.177526132402,0.2020028033974382,0.0652535059145442,1,0,0,Low,Low,Low
2023-01-05 14:00:00,455.58972165,16716.486842105263,68.728573,16798.476712328767,513.57206833,16907.03056768559,-57.98234667999998,15958.552876712329,0.1959289298756641,0.0589501835001522,1,0,0,Low,Low,Low
2023-01-05 15:00:00,495.06460845,16731.298165137614,4.855683,16862.630363036304,446.82080863,16930.53846153846,48.24379981999999,16019.498844884489,0.2129053276303718,0.063198418070085,1,0,0,Low,Low,Low
2023-01-05 16:00:00,458.49098635,16739.812765957446,4.949358,16852.766169154227,364.14661632,16939.54268292683,94.34437003,16010.127860696515,0.1971766351265603,0.065640605136898,1,0,0,Low,Low,Low
2023-01-05 17:00:00,417.87167215,16735.305309734515,12.108778,16839.530612244896,435.13945058,16935.040462427747,-17.26777843000002,15997.55408163265,0.1797080699125202,0.0643477610535647,1,0,0,Low,Low,Low
2023-01-05 18:00:00,488.31744261,16723.783251231525,14.510338,16841.93953488372,430.883466,16923.535714285714,57.43397661,15999.842558139531,0.2100036708986591,0.0610429646392081,1,0,0,Low,Low,Low
2023-01-05 19:00:00,415.89369913,16778.05442176871,2.199401,16858.027397260274,393.15026139,16915.217741935485,22.74343773999999,16015.126027397258,0.178857431457096,0.0766092082707343,1,0,0,Low,Low,Low
2023-01-05 20:00:00,498.91082374,16785.941176470587,23.465522,16874.889763779527,326.43201899,16940.508196721312,172.47880475,16031.14527559055,0.214559414213168,0.0788713143564576,1,0,0,Low,Low,Low
2023-01-05 21:00:00,447.15934044,16781.43820224719,44.731643,16857.317948717948,422.56978742,16938.0,24.589553019999983,16014.452051282047,0.1923033968787012,0.0775797558156332,1,0,0,Low,Low,Low
2023-01-05 22:00:00,416.76450718,16771.41176470588,4.065531,16856.752525252527,386.84488816,16931.0,29.91961901999997,16013.9148989899,0.1792319273714149,0.0747039385450731,1,0,0,Low,Low,Low
2023-01-05 23:00:00,443.37128669,16764.46913580247,6.3121685,16842.169014084506,352.94874506,16928.0,90.42254163,16000.06056338028,0.1906743229942838,0.0727126298652693,1,0,0,Low,Low,Low
2023-01-06 00:00:00,450.55868996,16762.45,8.558806,16857.710344827585,366.07789829,16932.98888888889,84.48079166999997,16014.824827586204,0.1937653063162425,0.0721334943958256,1,0,0,Low,Low,Low
2023-01-06 01:00:00,454.60816896,16775.473958333332,0.500266,16861.34193548387,451.11589541,16937.977777777778,3.492273549999993,16018.274838709676,0.1955068076041787,0.0758690708806657,1,0,0,Low,Low,Low
2023-01-06 02:00:00,607.7909713700001,16764.868699596773,1.100284,16837.26966292135,403.94099792,16922.0,203.8499734500001,15995.406179775282,0.2613839359178934,0.0728272341258176,1,0,0,Medium,Low,Low
2023-01-06 03:00:00,548.00606845,16754.263440860213,3.518162,16844.681159420288,408.00539396,16925.0,140.00067449000005,16002.447101449274,0.2356731011575893,0.0697853973709694,1,0,0,Low,Low,Low
2023-01-06 04:00:00,436.69367413,16753.255434782608,2.641698,16833.571428571428,433.78700442,16925.98113207547,2.90666970999996,15991.892857142857,0.1878025780430002,0.069496277603867,1,0,0,Low,Low,Low
2023-01-06 05:00:00,483.90170241,16746.235294117647,4.421306,16821.304054054053,438.61081639,16918.5,45.29088601999996,15980.23885135135,0.2081046569155043,0.067482736734254,1,0,0,Low,Low,Low
2023-01-06 06:00:00,295.30735408,16726.474683544304,10.100615,16807.218045112782,324.57031557,16910.0,-29.26296149000001,15966.857142857143,0.12699859351471,0.0618149305040267,1,0,0,Low,Low,Low
2023-01-06 07:00:00,285.62762757,16721.486666666668,1.314132,16800.61870503597,333.07634999,16901.0,-47.44872241999997,15960.58776978417,0.1228357725236553,0.0603842503623068,1,0,0,Low,Low,Low
2023-01-06 08:00:00,454.30817651,16729.46551724138,6.916194,16813.36842105263,294.28166191,16903.5,160.02651460000004,15972.699999999995,0.195377794158734,0.0626727717027559,1,0,0,Low,Low,Low
2023-01-06 09:00:00,412.16611539,16728.965317919075,2.018766,16794.51851851852,456.37496136,16910.5,-44.20884596999997,15954.792592592592,0.1772543630416035,0.0625293028142426,1,0,0,Low,Low,Low
2023-01-06 10:00:00,525.60932281,16713.94674556213,0.684499,16796.64912280702,346.45849744000003,16902.0,179.15082536999995,15956.816666666668,0.2260412543502248,0.0582216242808346,1,0,0,Low,Low,Low
2023-01-06 11:00:00,470.40864106,16704.44,123.889026,16752.2749490835,470.38344548,16892.5,0.025195579999945,15914.661201629326,0.2023018897646616,0.0554948668496182,1,0,0,Low,Low,Low
2023-01-06 12:00:00,458.37001218,16660.13068181818,6.595027,16742.603603603602,545.99937848,16877.992156862743,-87.62936630000002,15905.473423423422,0.1971246095023103,0.0427859159436776,1,0,0,Low,Low,Low
2023-01-06 13:00:00,440.94483607,16655.317647058822,73.090554,16750.574102964118,549.5494886600001,16873.0,-108.60465259000006,15913.045397815911,0.1896308142170205,0.0414054247744326,1,0,0,Low,Low,Low
2023-01-06 14:00:00,482.43387229,16665.156779661018,8.149435,16765.961218836565,492.26621118,16881.41129032258,-9.83233888999996,15927.663157894736,0.2074734082920514,0.0442275185986993,1,0,0,Low,Low,Low
2023-01-06 15:00:00,401.99204886,16673.306358381502,20.93442,16803.74947807933,410.37051775,16837.0,-8.378468890000022,15963.562004175365,0.1728789483362689,0.0465650087726103,1,0,0,Low,Low,Low
2023-01-06 16:00:00,614.60324137,16720.04887218045,3.739396,16839.723300970873,493.9003258,16907.0,120.70291556999996,15997.737135922329,0.2643135910608807,0.059971857206917,1,0,0,Low,Low,Low
2023-01-06 17:00:00,539.82517066,16745.91282051282,0.671369,16838.910714285714,364.81082195,16903.03361344538,175.01434871000004,15996.965178571429,0.2321548599127874,0.0673902437467663,1,0,0,Low,Low,Low
2023-01-06 18:00:00,500.87186072,16739.989304812832,21.799444,16864.974226804123,327.05635201,16901.5,173.81550870999996,16021.725515463915,0.2154027692290504,0.0656912406180598,1,0,0,Low,Low,Low
2023-01-06 19:00:00,544.12403894,16755.99086757991,14.497235,16928.6858974359,408.50412874,16932.969696969696,135.6199102,16082.251602564103,0.2340036124674464,0.0702808638388603,1,0,0,Low,Low,Low
2023-01-06 20:00:00,606.8130001000001,16802.49358974359,646.132851,16969.07310838446,379.33656243,17035.104575163397,227.47643767000005,16120.619452965237,0.2609633538562826,0.0836189344123168,1,0,0,Medium,Low,High
2023-01-06 21:00:00,565.49561042,16776.492307692308,329.1132865,16920.649572649574,737.19801823,17111.914004914004,-171.70240780999995,16074.617094017094,0.243194577344074,0.0761611573432743,1,0,0,Low,Low,Medium
2023-01-06 22:00:00,434.20536215,16857.47435897436,12.093722,16956.36,439.47050201,17018.072368421053,-5.265139860000033,16108.542,0.1867324654388956,0.0993887075796102,1,0,0,Low,Low,Low
2023-01-06 23:00:00,509.24032474,16872.666666666668,3.633818,16972.79906542056,410.42970724,17060.237837837838,98.81061749999998,16124.159112149531,0.2190016743891655,0.1037462174789318,1,0,0,Low,Low,Low
2023-01-07 00:00:00,459.15866378,16872.666666666668,10.564544,16962.808988764045,437.56747554,17069.843137254902,21.59118823999995,16114.668539325845,0.1974637735718444,0.1037462174789318,1,0,0,Low,Low,Low
2023-01-07 01:00:00,494.22739782,16882.698564593302,6.937258,16976.552325581397,412.65890905,17079.880434782608,81.56848877000004,16127.724709302329,0.2125452804760542,0.1066236009159746,1,0,0,Low,Low,Low
2023-01-07 02:00:00,479.45880042,16872.666666666668,4.663201,16963.873493975905,474.19526994,17069.843137254902,5.263530479999986,16115.67981927711,0.2061939618513345,0.1037462174789318,1,0,0,Low,Low,Low
2023-01-07 03:00:00,428.0246618,16868.15,1.711174,16963.398496240603,429.19906877,17065.328638497653,-1.1744069700000068,16115.228571428572,0.1840744203867116,0.1024507316244758,1,0,0,Low,Low,Low
2023-01-07 04:00:00,455.26414927,16871.16129032258,7.786558,16958.545454545456,471.77293829,17068.338164251207,-16.508789019999995,16110.618181818185,0.1957889156370209,0.1033144402628289,1,0,0,Low,Low,Low
2023-01-07 05:00:00,455.32197726,16866.142045454544,0.538317,16951.15172413793,611.63628304,17063.322580645163,-156.31430577999998,16103.594137931032,0.1958137848903406,0.1018748032015901,1,0,0,Low,Low,Low
2023-01-07 06:00:00,424.85775778,16863.129411764705,0.33148,16940.303448275863,468.33900241,17060.313901345293,-43.48124462999999,16093.288275862067,0.1827124754477206,0.1010107092540231,1,0,0,Low,Low,Low
2023-01-07 07:00:00,451.85168836,16866.142045454544,0.124643,16949.59649122807,474.61762143,17056.804347826088,-22.76593307000008,16102.116666666663,0.1943213675722459,0.1018748032015901,1,0,0,Low,Low,Low
2023-01-07 08:00:00,447.79809827,16866.142045454544,6.444225,16951.543956043955,479.99125174,17056.804347826088,-32.19315346999997,16103.966758241757,0.1925780982868637,0.1018748032015901,1,0,0,Low,Low,Low
2023-01-07 09:00:00,455.00521527,16863.63157894737,2.984543,16942.164383561645,478.73144558,17056.804347826088,-23.726230310000005,16095.056164383564,0.1956775596096183,0.1011547425710075,1,0,0,Low,Low,Low
2023-01-07 10:00:00,432.46152714,16859.613496932514,3.440526,16938.91011235955,477.7885301,17056.804347826088,-45.327002960000016,16091.964606741572,0.1859825193554949,0.1000022624797249,1,0,0,Low,Low,Low
2023-01-07 11:00:00,452.23718768,16855.593548387096,17.979801,16929.476683937824,429.30635656,17052.79411764706,22.93083112,16083.002849740931,0.1944871537294969,0.0988492470237325,1,0,0,Low,Low,Low
2023-01-07 12:00:00,408.88870485,16855.090909090908,4.40064,16927.364197530864,456.65811701,17052.29288702929,-47.76941216,16080.99598765432,0.1758448941502953,0.0987050782935252,1,0,0,Low,Low,Low
2023-01-07 13:00:00,411.28902329,16851.571428571428,56.789405,16938.36231884058,440.04392417,17056.804347826088,-28.75490088000004,16091.44420289855,0.1768771646361324,0.0976956087965454,1,0,0,Low,Low,Low
2023-01-07 14:00:00,439.11571936,16857.603773584906,7.014661,16938.285714285714,482.2896967,17054.799145299145,-43.173977339999965,16091.371428571429,0.1888441922574423,0.0994258267229284,1,0,0,Low,Low,Low
2023-01-07 15:00:00,435.07658015,16863.637426900586,13.541469,16950.178770949722,465.4119926,17060.313901345293,19.80748713999997,16102.669832402236,0.1871071376545246,0.101156419901045,1,0,0,Low,Low,Low
2023-01-07 16:00:00,431.03744094,16865.137931034482,10.34552,16941.501683501683,458.43255457,17062.319634703195,-27.39511362999997,16094.426599326598,0.1853700830516069,0.1015867996530781,1,0,0,Low,Low,Low
2023-01-07 17:00:00,417.50812608,16856.59872611465,6.223356,16936.92777777778,432.21304728,17057.80701754386,-14.7049212,16090.08138888889,0.1795517248742748,0.0991375555537539,1,0,0,Low,Low,Low
2023-01-07 18:00:00,417.86235333,16860.618181818183,0.19422,16947.410714285714,433.18515467,17057.80701754386,-15.322801339999955,16100.040178571428,0.1797040623014098,0.1002904296511433,1,0,0,Low,Low,Low
2023-01-07 19:00:00,434.90395543,16864.133720930233,0.452503,16951.574468085106,478.24331193,17061.31674208145,-43.33935650000001,16103.99574468085,0.1870328994198752,0.101298768660099,1,0,0,Low,Low,Low
2023-01-07 20:00:00,323.97937832,16866.64406779661,6.701833,16956.33846153846,473.69444678,17063.824074074073,-149.71506845999994,16108.521538461537,0.1393291592842073,0.1020187949748967,1,0,0,Low,Low,Low
2023-01-07 21:00:00,388.36203188,16867.648044692738,0.985799,16954.561224489797,450.47139575,17064.827102803738,-62.10936386999998,16106.833163265306,0.1670172826441484,0.1023067590783215,1,0,0,Low,Low,Low
2023-01-07 22:00:00,418.58500478,16864.63583815029,5.723045,16949.3984375,444.25522013,17061.81818181818,-25.67021534999997,16101.928515625,0.1800148426341153,0.1014427876466363,1,0,0,Low,Low,Low
2023-01-07 23:00:00,373.61741154,16868.15,1.686162,16954.923076923078,448.07886285,17060.313901345293,-74.46145131000003,16107.176923076924,0.1606762754893414,0.1024507316244758,1,0,0,Low,Low,Low
2023-01-08 00:00:00,373.92408568,16868.15,1.858509,16948.20737327189,444.88080985,17065.328638497653,-70.95672416999997,16100.797004608294,0.1608081624332636,0.1024507316244758,1,0,0,Low,Low,Low
2023-01-08 01:00:00,398.92591244,16860.115853658535,0.33434,16939.675471698112,458.16867015,17055.80172413793,-59.24275771000004,16092.691698113204,0.1715603390721097,0.1001463501621868,1,0,0,Low,Low,Low
2023-01-08 02:00:00,393.8444995,16860.115853658535,0.194097,16940.367924528302,438.58844419,17057.305676855896,-44.74394469000004,16093.349528301886,0.1693750487719141,0.1001463501621868,1,0,0,Low,Low,Low
2023-01-08 03:00:00,421.29298556,16858.10625,6.507143,16943.18181818182,415.44574627,17060.815315315314,5.8472392900000045,16096.022727272728,0.1811794250448591,0.0995699487350219,1,0,0,Low,Low,Low
2023-01-08 04:00:00,395.30020264,16865.137931034482,3.2862985,16949.008474576272,424.3269048,17062.319634703195,-29.026702160000013,16101.558050847458,0.1700010821192071,0.1015867996530781,1,0,0,Low,Low,Low
2023-01-08 05:00:00,380.674541535,16864.133720930233,0.065454,16950.242424242424,407.03208894,17062.319634703195,-20.20289154,16102.730303030305,0.1637112340544867,0.101298768660099,1,0,0,Low,Low,Low
2023-01-08 06:00:00,366.04888043,16866.142045454544,83.35502699999999,16958.234285714287,449.95765494,17063.322580645163,-83.90877451,16110.32257142857,0.1574213859897662,0.1018748032015901,1,0,0,Low,Low,Low
2023-01-08 07:00:00,415.16403733,16871.1935483871,0.071966,16967.17293233083,453.01371676,17067.83653846154,-37.84967943000004,16118.814285714288,0.178543636283826,0.1033236926317462,1,0,0,Low,Low,Low
2023-01-08 08:00:00,428.58043429,16874.171875,8.147816,16967.25854214123,459.6339966,17071.34825870647,-31.05356231000001,16118.895615034167,0.1843134334812688,0.1041779465056134,1,0,0,Low,Low,Low
2023-01-08 09:00:00,457.85901682,16871.663101604277,1.098604,16965.55339805825,465.47239107,17068.839805825242,-7.613374249999993,16117.27572815534,0.1969048530651071,0.1034583714990748,1,0,0,Low,Low,Low
2023-01-08 10:00:00,425.91490101,16865.137931034482,1.346906,16954.171875,452.82508791,17062.319634703195,-26.910186899999985,16106.46328125,0.1831671058573555,0.1015867996530781,1,0,0,Low,Low,Low
2023-01-08 11:00:00,358.50771251000003,16866.64406779661,0.621525,16955.952095808385,445.75169091,17063.824074074073,-87.24397839999995,16108.154491017964,0.1541782641844122,0.1020187949748967,1,0,0,Low,Low,Low
2023-01-08 12:00:00,425.36073144,16864.63583815029,21.221504,16946.112970711296,460.78148167,17061.81818181818,-35.42075023000001,16098.80732217573,0.1829287821075867,0.1014427876466363,1,0,0,Low,Low,Low
2023-01-08 13:00:00,440.19105125,16860.146341463416,6.281413,16943.847222222223,392.14837998,17055.80172413793,48.04267126999997,16096.65486111111,0.1893066448029164,0.1001550947791516,1,0,0,Low,Low,Low
2023-01-08 14:00:00,433.19145658,16861.622754491018,0.551768,16957.80769230769,359.1535802,17067.334928229666,74.03787637999994,16109.917307692303,0.1862964296288566,0.1005785646372903,1,0,0,Low,Low,Low
2023-01-08 15:00:00,414.46775997,16872.666666666668,178.984789,16984.790462427747,310.82153191000003,17092.440251572327,103.64622805999994,16135.550939306358,0.178244198277307,0.1037462174789318,1,0,0,Low,Low,Low
2023-01-08 16:00:00,383.89432861,16869.153846153848,64.684916,16985.072413793103,391.20271231,17099.48275862069,-7.308383699999979,16135.818793103446,0.1650959216496052,0.1027386582279499,1,0,0,Low,Low,Low
2023-01-08 17:00:00,423.57345473,16866.64406779661,11.001477,16947.787128712873,460.75153267,17061.8,-37.17807794000004,16100.397772277229,0.182160153676037,0.1020187949748967,1,0,0,Low,Low,Low
2023-01-08 18:00:00,419.08839771,16860.115853658535,8.260909999999999,16941.04,574.5125475799999,17057.305676855896,-155.42414986999995,16093.988,0.1802313296034101,0.1001463501621868,1,0,0,Low,Low,Low
2023-01-08 19:00:00,443.01338827,16859.154320987655,5.520343,16942.413223140495,476.72330334,17055.80172413793,-33.709915069999965,16095.29256198347,0.1905204067597805,0.0998705600573028,1,0,0,Low,Low,Low
2023-01-08 20:00:00,423.35164472,16860.115853658535,2.779776,16974.393805309734,444.22769765,17057.305676855896,-20.87605292999996,16125.674115044249,0.1820647630299584,0.1001463501621868,1,0,0,Low,Low,Low
2023-01-08 21:00:00,447.67857932,16880.191176470587,2.825074,16982.149253731342,376.45809742,17075.854166666668,71.22048189999998,16133.041791044774,0.1925266984881839,0.1059044232382016,1,0,0,Low,Low,Low
2023-01-08 22:00:00,457.25789543,16874.673575129535,39.182372,16976.157676348546,410.6484563,17073.355329949238,46.60943913,16127.34979253112,0.1966463374202819,0.1043218458608139,1,0,0,Low,Low,Low
2023-01-08 23:00:00,562.95353499,16922.782006920414,99.254483,17076.633738601824,407.09535898,17072.853535353537,155.85817600999997,16222.802051671732,0.2421013434650055,0.1181204715874217,1,0,0,Low,Low,Low
2023-01-09 00:00:00,600.24179975,16959.32596685083,28.257478,17158.73394495413,349.02378027000003,17219.15923566879,251.21801948,16300.79724770642,0.2581373720762038,0.1286021357547317,1,0,0,Medium,Low,Low
2023-01-09 01:00:00,984.89401823,16993.853828306266,28.864417,17189.4011741683,357.6194802,17264.5,627.27453803,16329.931115459884,0.4235592285398231,0.1385055356293056,0,1,0,Medium,Low,Low
2023-01-09 02:00:00,876.55672257,16991.596244131455,161.319746,17219.74678111588,415.81423646,17272.74683544304,460.74248611,16358.759442060084,0.3769681633871414,0.1378580075782984,0,1,0,Medium,Low,Low
2023-01-09 03:00:00,850.22748872,16990.936470588236,6.31745,17201.88950276243,423.05400992,17288.5,427.1734788,16341.795027624308,0.3656451278410505,0.1376687690633797,0,1,0,Medium,Low,Low
2023-01-09 04:00:00,843.46918202,17013.234541577825,7.315101,17240.610169491527,388.49882965,17295.5,454.97035237,16378.57966101695,0.3627386799196468,0.1440643784099515,0,1,0,Medium,Low,Low
2023-01-09 05:00:00,751.74465091,17001.859060402683,15.223261,17239.36211031175,344.23876528,17312.0,407.50588563,16377.394004796162,0.3232920278778879,0.1408016238084677,1,0,0,Medium,Low,Low
2023-01-09 06:00:00,730.29775947,17001.35874439462,12.141769,17213.338624338623,478.20892082,17297.588888888888,252.08883865,16352.67169312169,0.3140686712275661,0.1406581214517439,1,0,0,Medium,Low,Low
2023-01-09 07:00:00,701.96558289,16997.35616438356,0.976879,17214.69512195122,419.97684632,17296.087431693988,281.98873657,16353.960365853658,0.3018842588614059,0.1395100876984614,1,0,0,Medium,Low,Low
2023-01-09 08:00:00,688.75490643,16999.35746606335,10.168271,17223.26842105263,422.11089101,17309.101910828027,266.64401542,16362.105,0.296202932925502,0.1400841079235535,1,0,0,Medium,Low,Low
2023-01-09 09:00:00,781.89734293,17022.370901639344,26.080907000000003,17247.426799007444,423.93370665,17301.581395348836,357.96363628000006,16385.055459057072,0.3362593631789412,0.1466849005990855,0,1,0,Medium,Low,Low
2023-01-09 10:00:00,737.9214696399999,17018.86902286902,41.993543,17273.620767494358,357.56157161,17346.058394160584,380.35989803,16409.93972911964,0.3173472907931713,0.1456804796962867,1,0,0,Medium,Low,Low
2023-01-09 11:00:00,761.56581797,17027.373493975905,30.334696,17275.86888888889,356.22749068,17347.05925925926,405.33832729,16412.075444444446,0.3275156761753668,0.148119761324021,1,0,0,Medium,Low,Low
2023-01-09 12:00:00,779.16157616,17015.86736842105,5.447958,17256.81241565452,409.57391936,17339.5,369.5876568,16393.97179487179,0.335082831246451,0.1448195348526013,0,1,0,Medium,Low,Low
2023-01-09 13:00:00,352.23885198,17155.57823129252,15.518108,17250.13145539906,400.02910941,17339.0,-47.79025743,16387.624882629105,0.1514823053494886,0.1848918846453511,1,0,0,Low,Low,Low
2023-01-09 14:00:00,424.14378439,17161.242574257427,23.480037,17241.748908296944,442.36162527,17328.543010752688,-18.217840879999983,16379.661462882095,0.1824054271636729,0.1865165509595572,1,0,0,Low,Low,Low
2023-01-09 15:00:00,484.37364809,17166.254716981133,102.73966,17287.31907894737,396.27977676,17347.85234899329,88.09387133000001,16422.953125,0.2083076198175359,0.1879541509593529,1,0,0,Low,Low,Low
2023-01-09 16:00:00,457.73840183,17171.599099099098,25.611888,17322.010570824525,352.13738561,17372.066298342543,105.60101621999996,16455.910042283296,0.1968529819082423,0.1894870450039212,1,0,0,Low,Low,Low
2023-01-09 17:00:00,619.31292729,17198.3115942029,18.019117,17354.721712538227,242.9606876,17402.690683417844,376.3522396899999,16486.985626911315,0.2663390180591328,0.1971488146447075,1,0,0,Medium,Low,Low
2023-01-09 18:00:00,602.40090146,17212.32894736842,51.576901,17369.00328407225,460.98647951,17433.31506849315,141.41442195000002,16500.553119868637,0.2590659059465486,0.2011693200490301,1,0,0,Low,Low,Low
2023-01-09 19:00:00,451.01407402,17206.321917808218,16.708908,17329.91343283582,374.85049544,17438.0,76.16357858000003,16463.41776119403,0.1939611468001654,0.1994463631879499,1,0,0,Low,Low,Low
2023-01-09 20:00:00,509.70363299,17179.289915966387,105.268292,17247.336525307797,529.63734945,17411.5,-19.933716460000028,16384.969699042405,0.2192009227157,0.1916929515266057,1,0,0,Low,Low,Low
2023-01-09 21:00:00,391.93275,17141.45882352941,38.53159,17205.350404312667,754.55037382,17367.66990291262,-362.61762382,16345.082884097032,0.168552890114847,0.1808421075906467,1,0,0,Low,Low,Low
2023-01-09 22:00:00,400.87523625,17109.95945945946,7.87194,17203.333333333332,668.45159215,17354.0,-267.5763559,16343.166666666664,0.1723986567731571,0.1718073517433405,1,0,0,Low,Low,Low
2023-01-09 23:00:00,435.93567421,17117.45901639344,27.61347,17170.064606741573,677.14031204,17360.291411042945,-241.20463783,16311.561376404494,0.1874765959013628,0.1739584004347056,1,0,0,Low,Low,Low
2023-01-10 00:00:00,491.57900902,17088.76165803109,15.5501025,17201.536585365855,715.25095466,17354.5,-223.67194564000005,16341.459756097562,0.2114063259324806,0.1657273254932958,1,0,0,Low,Low,Low
2023-01-10 01:00:00,423.07572354,17105.296460176993,3.486735,17210.156862745098,646.58682191,17371.0,-223.51109837,16349.649019607845,0.1819461015699683,0.1704698942651612,1,0,0,Low,Low,Low
2023-01-10 02:00:00,602.2155852,17098.8586261281,10.085449,17187.960113960115,637.82711645,17363.5,-35.611531249999985,16328.562108262107,0.2589862096435266,0.1686233725802139,1,0,0,Low,Low,Low
2023-01-10 03:00:00,450.05654413,17092.420792079207,13.21306,17194.23287671233,651.13312208,17356.0,-201.07657795,16334.521232876712,0.1935493556693379,0.1667768508952658,1,0,0,Low,Low,Low
2023-01-10 04:00:00,388.01443123,17105.36842105263,1.07162,17209.824074074073,601.54046729,17366.0,-213.52603606,16349.332870370368,0.1668677950237255,0.1704905343307983,1,0,0,Low,Low,Low
2023-01-10 05:00:00,474.45717971,17107.871244635193,0.975092,17222.6646884273,608.40496343,17379.0,-133.94778371999996,16361.531454005932,0.2040429866497756,0.1712084027914802,1,0,0,Low,Low,Low
2023-01-10 06:00:00,504.88789289,17113.877551020407,5.097124,17225.28635346756,567.65475182,17364.0,-62.76685893000001,16364.022035794182,0.2171298865190643,0.1729311522290242,1,0,0,Low,Low,Low
2023-01-10 07:00:00,451.03841924,17101.363636363636,9.641025,17206.208695652174,569.69452637,17366.0,-118.65610712999997,16345.898260869564,0.1939716165993631,0.1693418682242145,1,0,0,Low,Low,Low
2023-01-10 08:00:00,449.56113303,17097.859154929578,6.950219,17232.80658436214,507.95186378,17391.5,-58.39073074999999,16371.166255144031,0.1933363013310618,0.1683367008164591,1,0,0,Low,Low,Low
2023-01-10 09:00:00,488.70219818,17126.38888888889,41.236656,17259.619496855346,486.19881688,17395.0,2.503381300000001,16396.638522012578,0.2101691372020269,0.1765196971505629,1,0,0,Low,Low,Low
2023-01-10 10:00:00,559.49301462,17130.392086330936,0.978624,17259.54716981132,526.82398948,17389.0,32.66902514000003,16396.569811320755,0.2406131271583438,0.177667907997522,1,0,0,Low,Low,Low
2023-01-10 11:00:00,555.70937132,17132.893992932863,8.556109,17270.97154471545,529.44169652,17394.5,26.26767479999989,16407.422967479677,0.2389859500128291,0.1783855134466669,1,0,0,Low,Low,Low
2023-01-10 12:00:00,526.938386795,17109.87341772152,10.662689,17239.52380952381,563.87323069,17393.5,-35.10240538000005,16377.547619047618,0.2266128258145112,0.1717826729563896,1,0,0,Low,Low,Low
2023-01-10 13:00:00,498.16740227,17108.872340425532,12.085182,17231.446366782005,510.95091476,17375.0,-12.783512489999964,16369.874048442904,0.2142397016161933,0.1714955405262417,1,0,0,Low,Low,Low
2023-01-10 14:00:00,171.8953968,17168.006211180124,45.208831,17268.1859375,364.04747153,17340.304812834223,-192.15207473,16404.776640624998,0.0739245850929232,0.1884565205443618,1,0,0,Low,Low,Low
2023-01-10 15:00:00,472.91709027,17187.0,24.706776,17326.886827458256,444.76825868,17381.79891304348,28.148831590000043,16460.54248608534,0.2033806624981262,0.1939043843241448,1,0,0,Low,Low,Low
2023-01-10 16:00:00,576.02639636,17218.5,16.103488,17313.63699582754,530.99215755,17405.76,45.03423881000003,16447.95514603616,0.2477234012440103,0.2029393225710931,1,0,0,Low,Low,Low
2023-01-10 17:00:00,515.48642518,17210.5,1.095116,17320.838888888888,404.97313648,17397.0,110.51328869999998,16454.796944444442,0.22168784511899,0.2006447350798046,1,0,0,Low,Low,Low
2023-01-10 18:00:00,537.97925508,17243.71923076923,21.537365,17409.92660550459,387.50220551,17503.712328767124,150.47704957000002,16539.43027522936,0.2313610135043997,0.2101727890039679,1,0,0,Low,Low,Low
2023-01-10 19:00:00,671.54142052,17276.938461538462,5.695426,17438.947368421053,347.34724545,17526.403973509932,324.19417507,16567.0,0.2888001762049123,0.2197008429281313,1,0,0,Medium,Low,Low
2023-01-10 20:00:00,693.85084532,17278.439024390245,18.713082,17465.495798319327,367.21356684,17550.351515151517,326.63727848,16592.22100840336,0.2983944701924391,0.2201312395218302,1,0,0,Medium,Low,Low
2023-01-10 21:00:00,575.60607359,17293.944289693594,7.852667999999999,17472.978260869564,333.73938631,17561.708333333332,241.8666872800001,16599.329347826086,0.2475426390656402,0.224578512998602,1,0,0,Medium,Low,Low
2023-01-10 22:00:00,691.84660275,17281.44011976048,45.718675,17446.93899204244,374.7174841,17557.616883116883,317.12911864999995,16574.592042440316,0.2975325343688451,0.2209920240089182,1,0,0,Medium,Low,Low
2023-01-10 23:00:00,656.38618149,17276.938461538462,54.123136,17421.10218978102,401.88528846,17535.090452261305,254.50089303000004,16550.04708029197,0.2822825801660821,0.2197008429281313,1,0,0,Medium,Low,Low
2023-01-11 00:00:00,703.99331188,17304.447368421053,8.513997999999999,17461.241176470587,415.27495118,17540.095238095237,288.71836069999995,16588.179117647058,0.3027562951524129,0.2275910421321079,1,0,0,Medium,Low,Low
2023-01-11 01:00:00,618.10981991,17290.44318181818,23.355845,17471.606271777004,407.73898761,17551.101796407187,210.37083230000007,16598.02595818815,0.2658216149433752,0.2235743132065302,1,0,0,Medium,Low,Low
2023-01-11 02:00:00,590.69547379,17289.94301994302,102.490967,17413.676113360325,516.32215508,17547.497142857144,74.37331871000004,16542.992307692308,0.2540319207442179,0.2234308550587354,1,0,0,Low,Low,Low
2023-01-11 03:00:00,755.06995257,17259.477508650518,118.795019,17383.789203084834,485.11779867,17511.5564516129,269.95215390000004,16514.599742930593,0.3247220926155162,0.2146926324177993,1,0,0,Medium,Low,Low
2023-01-11 04:00:00,585.08230255,17265.433774834437,9.342928,17410.75824175824,467.78309843,17526.06392694064,117.29920412,16540.22032967033,0.2516179447873438,0.2164010291528502,1,0,0,Low,Low,Low
2023-01-11 05:00:00,729.94424674,17268.02605863192,13.613402,17421.672839506173,519.64117951,17525.06334841629,210.30306723,16550.589197530862,0.313916641083788,0.2171445568997967,1,0,0,Medium,Low,Low
2023-01-11 06:00:00,619.9742561,17263.0,7.780434,17417.169230769232,451.59528342,17522.06167400881,168.37897268000006,16546.31076923077,0.2666234262445721,0.2157029654913858,1,0,0,Low,Low,Low
2023-01-11 07:00:00,588.46279662,17277.93883792049,10.091599,17449.275167785236,415.50503351,17538.572164948455,172.95776310999997,16576.811409395974,0.2530717453322449,0.2199877743197289,1,0,0,Low,Low,Low
2023-01-11 08:00:00,835.57207685,17283.941002949854,12.402764,17434.07880910683,394.53257462,17544.576923076922,441.03950223,16562.37486865149,0.3593424852920113,0.2217093359193569,0,1,0,Medium,Low,Low
2023-01-11 09:00:00,557.95290034,17284.444117647057,3.315818,17457.754189944135,432.53896466,17542.575268817203,125.41393568,16584.866480446926,0.2399507923241123,0.2218536410057181,1,0,0,Low,Low,Low
2023-01-11 10:00:00,545.972705085,17283.440828402367,3.090989,17456.54187192118,436.39222364,17544.576923076922,176.32077823999998,16583.71477832512,0.2347986417718289,0.221565874136842,1,0,0,Low,Low,Low
2023-01-11 11:00:00,533.99250983,17277.93883792049,2.618232,17446.24074074074,388.59330408,17541.574468085106,145.39920575000002,16573.928703703703,0.2296464912195456,0.2199877743197289,1,0,0,Low,Low,Low
2023-01-11 12:00:00,484.49213585,17278.439024390245,8.664413,17428.633333333335,367.4660329,17533.313725490196,117.02610295,16557.201666666668,0.2083585761471389,0.2201312395218302,1,0,0,Low,Low,Low
2023-01-11 13:00:00,270.49020101,17321.87591240876,174.13805,17400.264875239922,283.63783005,17500.51282051282,-13.14762903999997,16530.251631477924,0.1163258368380325,0.2325899570103029,1,0,0,Low,Low,Low
2023-01-11 14:00:00,406.54010972,17335.885245901638,21.657811,17397.377952755905,423.43926175,17493.017341040464,-16.89915203000004,16527.50905511811,0.1748348675657061,0.2366081621845595,1,0,0,Low,Low,Low
2023-01-11 15:00:00,395.96594596,17328.375,69.215178,17358.156661786237,478.4439034,17478.336683417085,-82.47795744000001,16490.248828696924,0.170287388789575,0.2344540476467598,1,0,0,Low,Low,Low
2023-01-11 16:00:00,370.69597234,17271.828402366864,8.603671,17346.86699507389,507.13002345,17456.00809716599,-136.43405110999998,16479.523645320194,0.1594198940809116,0.2182351581962693,1,0,0,Low,Low,Low
2023-01-11 17:00:00,422.86117599,17269.82424242424,7.348091,17378.52142857143,419.26499328,17483.515625,3.5961827099999937,16509.595357142854,0.1818538341857817,0.217660318154409,1,0,0,Low,Low,Low
2023-01-11 18:00:00,517.44329727,17363.756097560974,168.86548,17479.28888888889,430.86145672,17470.05325443787,86.58184055000004,16605.324444444443,0.2225294090004329,0.2446021756331937,1,0,0,Low,Low,Low
2023-01-11 19:00:00,671.34807814,17389.407692307694,34.500607,17519.466666666667,464.86684075,17593.8,206.48123739,16643.493333333332,0.2887170282237071,0.2519596541878712,1,0,0,Medium,Low,Low
2023-01-11 20:00:00,546.56224647,17414.851711026615,25.947587,17540.39644970414,350.36300277,17611.5,196.1992437,16663.376627218935,0.2350521773701785,0.2592575950729401,1,0,0,Medium,Low,Low
2023-01-11 21:00:00,544.01274731,17417.85501858736,56.617314,17560.561743341405,382.7476072,17637.036144578313,161.26514011,16682.533656174335,0.2339557508741448,0.2601190140681124,1,0,0,Low,Low,Low
2023-01-11 22:00:00,656.6515169950001,17425.36267605634,173.218613,17569.06974128234,379.00823565,17644.688741721853,187.77945207,16690.61625421822,0.2823966891968223,0.2622723861827616,1,0,0,Medium,Low,Low
2023-01-11 23:00:00,769.29028668,17498.14202898551,169.360788,17843.088333333333,334.25908222,17657.90506329114,435.03120446,16950.933916666665,0.3308376275194997,0.2831472102896804,1,0,0,Medium,Low,Low
2023-01-12 00:00:00,1048.33248432,17617.941704035875,230.761185,18028.45546372819,393.91623849,18061.80733944954,654.41624583,17127.03269054178,0.4508412987519251,0.3175085647685565,0,1,0,Medium,Low,Low
2023-01-12 01:00:00,1159.03551169,17775.96040609137,68.661499,18204.64173703257,312.23879362,18350.892617449663,846.79671807,17294.40965018094,0.498449760172096,0.3628320319093303,0,1,0,High,Medium,Low
2023-01-12 02:00:00,1397.81329947,17757.460970464133,61.110327,18264.935779816515,481.87355929,18336.141463414635,915.93974018,17351.68899082569,0.6011374948039904,0.3575259602110607,0,1,0,High,Medium,Low
2023-01-12 03:00:00,631.56584095,18067.75,19.660406,18220.665254237287,596.54417972,18374.76767676768,35.02166123000006,17309.63199152542,0.27160845269995,0.4465241259431938,1,0,0,Low,Medium,Low
2023-01-12 04:00:00,640.3602451099999,18075.04333333333,7.019232000000001,18215.20710059172,650.82330168,18374.76767676768,-10.463056570000049,17304.446745562134,0.2753905358200924,0.4486160248727513,1,0,0,Low,Medium,Low
2023-01-12 05:00:00,608.02046207,17973.966417910447,77.675577,18152.45186335404,682.41937811,18370.747540983608,-74.39891604000002,17244.829270186336,0.261482629688035,0.4196247966493285,1,0,0,Low,Medium,Low
2023-01-12 06:00:00,603.1323495,17954.922178988327,48.849004,18133.37609329446,773.86412282,18304.52173913044,-170.73177332,17226.707288629736,0.2593804693024071,0.4141624625978526,1,0,0,Low,Medium,Low
2023-01-12 07:00:00,548.11057798,17973.298305084747,31.29465,18155.88916876574,713.03334529,18338.61788617886,-164.92276731000004,17248.094710327452,0.2357180460705267,0.4194331662327508,1,0,0,Low,Medium,Low
2023-01-12 08:00:00,553.29182252,17980.88064516129,415.325616,18097.19810201661,624.24666474,18336.86213457879,-70.95484222000005,17192.338196915778,0.2379462695134739,0.4216079590695427,1,0,0,Low,Medium,Medium
2023-01-12 09:00:00,621.54584233,17990.05487804878,39.538844,18141.735507246376,632.5440629899999,18335.106382978724,-10.998220659999902,17234.648731884055,0.2672992957684412,0.4242393440727676,1,0,0,Low,Medium,Low
2023-01-12 10:00:00,635.91329486,17994.510385756676,16.134437000000002,18174.45892351275,588.36669021,18344.13687150838,47.54660464999995,17265.73597733711,0.2734780997788725,0.4255172881045022,1,0,0,Low,Medium,Low
2023-01-12 11:00:00,685.08937632,18007.13259668508,46.083569,18189.394666666667,638.88952096,18355.680597014925,46.199855360000015,17279.924933333332,0.2946265510236489,0.429137634018093,1,0,0,Low,Medium,Low
2023-01-12 12:00:00,651.90733153,18013.661333333333,22.602483,18209.64520958084,633.95159765,18363.2125,17.95573387999991,17299.1629491018,0.2803564254746234,0.4310102286989679,1,0,0,Low,Medium,Low
2023-01-12 13:00:00,767.84177113,18044.851258581235,465.769242,18174.877291960507,375.46249062,18395.756862745096,392.37928051,17266.13342736248,0.3302146852358329,0.4399562302399751,1,0,0,Medium,Medium,Medium
2023-01-12 14:00:00,918.65073966,18012.8796460177,219.436302,18127.60232945092,515.34377748,18413.103896103898,403.30696218,17221.22221297837,0.3950709328981436,0.4307860224568989,0,1,0,Medium,Medium,Low
2023-01-12 15:00:00,639.36332565,17886.652173913044,52.017467,18082.09417596035,866.5388560600001,18260.977528089887,-227.17553041000008,17177.98946716233,0.2749618049824813,0.3945810251383586,1,0,0,Low,Medium,Low
2023-01-12 16:00:00,641.77627954,17909.236768802228,7.477295,18101.743515850143,742.20918394,18309.58352402746,-100.43290439999998,17196.656340057634,0.2759995094148702,0.4010588162544266,1,0,0,Low,Medium,Low
2023-01-12 17:00:00,609.05305456,17928.909547738695,238.588581,18633.283146067417,1060.58373653,18445.84007707129,-451.53068196999993,17701.618988764047,0.2619267019134369,0.4067014303127392,1,0,0,Low,Medium,Low
2023-01-12 18:00:00,630.9776702,18633.585607940448,250.155499,18793.031958762887,384.87793118,18938.417112299467,246.09973902,17853.380360824744,0.2713555065509141,0.608819039456419,1,0,0,Medium,Medium,Low
2023-01-12 19:00:00,1037.30918375,18605.41841004184,159.439656,18876.466027874565,648.52127449,18984.85555555556,388.7879092600001,17932.642726480837,0.4461006661569757,0.6007400269610699,0,1,0,Medium,Medium,Low
2023-01-12 20:00:00,1030.97108554,18642.174774774776,57.823935,18944.042780748663,579.07856125,19045.16181229773,451.8925242900001,17996.840641711227,0.4433749312671834,0.6112826138037493,0,1,0,Medium,Medium,Low
2023-01-12 21:00:00,995.36221027,18714.435714285715,125.105145,18885.177932405568,474.66664545,19125.633165829146,520.6955648200001,17940.91903578529,0.4280611335799587,0.6320087447925697,0,1,0,Medium,Medium,Low
2023-01-12 22:00:00,834.5178611700001,18596.901287553646,35.657162,18846.39829059829,738.3959286,19051.74200913242,96.12193257,17904.078376068373,0.3588891138917689,0.5982971166206728,0,1,0,Low,Medium,Low
2023-01-12 23:00:00,858.36446777,18639.14545454545,16.27184,18880.77325581396,603.50405896,19094.03672316384,254.86040881000008,17936.73459302326,0.3691444815839604,0.6104137337655846,0,1,0,Medium,Medium,Low
2023-01-13 00:00:00,571.14992178,18743.34389140272,28.906135,18809.17080745341,470.92421949,18979.06557377049,100.22570229000002,17868.71226708074,0.2456262458416343,0.6403002874936474,1,0,0,Low,Medium,Low
2023-01-13 01:00:00,517.68474331,18724.690813625886,3.52722,18785.42372881356,603.06341326,18921.7,-85.3786699499999,17846.15254237288,0.2226332442319842,0.6349501476260544,1,0,0,Low,Medium,Low
2023-01-13 02:00:00,504.95505242,18706.03773584905,6.8369040000000005,18815.090909090908,459.27944138,18925.438095238096,45.67561104000004,17874.33636363636,0.2171587688538023,0.6296000077584596,1,0,0,Low,Medium,Low
2023-01-13 03:00:00,598.65635485,18713.41869918699,9.372428,18844.41304347826,517.66480784,18948.16591928251,80.99154700999998,17902.192391304347,0.2574555425531215,0.6317170410270707,1,0,0,Low,Medium,Low
2023-01-13 04:00:00,575.34736687,18720.42307692308,21.076879,18856.809027777777,480.37408351,18978.745098039217,94.97328335999998,17913.96857638889,0.2474313807812837,0.6337260607192583,1,0,0,Low,Medium,Low
2023-01-13 05:00:00,533.069645485,18706.91416309013,6.274036,18807.38139534884,605.82091599,18956.32830188679,-73.21662532999994,17867.012325581396,0.2292496082019011,0.6298513876315095,1,0,0,Low,Medium,Low
2023-01-13 06:00:00,490.7919241,18713.189905972547,3.637065,18817.41798941799,547.04265328,18963.34661354582,-56.25072917999995,17876.54708994709,0.2110678356225185,0.631651417771077,1,0,0,Low,Medium,Low
2023-01-13 07:00:00,492.56417435,18719.465648854963,10.717575,18817.844527363184,472.95463653,18969.865546218487,19.60953782000001,17876.952300995024,0.2118300018401776,0.6334514479106437,1,0,0,Low,Medium,Low
2023-01-13 08:00:00,506.36648566,18703.460869565217,9.21567,18832.57608695652,515.71924797,18967.85950413223,-9.352762309999946,17890.947282608693,0.2177657636808642,0.6288609021157585,1,0,0,Low,Medium,Low
2023-01-13 09:00:00,520.60244168,18715.46456692913,39.667765,18900.35985533454,502.25355224,18965.853658536584,18.348889439999937,17955.341862567813,0.2238880168753698,0.6323038438433146,1,0,0,Low,Medium,Low
2023-01-13 10:00:00,739.8504158,18797.9785202864,77.527102,18957.05864661654,415.01506393,19017.063414634147,324.83535186999995,18009.205714285712,0.3181768449708815,0.6559707794971095,1,0,0,Medium,Medium,Low
2023-01-13 11:00:00,667.34433875,18817.980392156864,14.093777,18973.633776091083,489.31510001,19121.702702702703,178.02923874000004,18024.95208728653,0.2869951975130784,0.6617077851216493,1,0,0,Low,Medium,Low
2023-01-13 12:00:00,518.60665792,18710.963265306124,21.846264,18882.47098214286,527.50196976,19060.110701107013,-8.895311839999977,17938.347433035717,0.2230297188107342,0.6310127650434811,1,0,0,Low,Medium,Low
2023-01-13 13:00:00,532.20431935,18722.466417910447,66.366064,18879.603648424545,553.95174798,19026.088495575223,-21.74742863000006,17935.62346600332,0.2288774698160526,0.634312138803014,1,0,0,Low,Medium,Low
2023-01-13 14:00:00,488.26358358,18723.466666666667,132.325937,18976.230994152047,430.79196516,19122.38674033149,57.47161841999997,18027.419444444444,0.2099805085189772,0.6345990335885388,1,0,0,Low,Medium,Low
2023-01-13 15:00:00,705.14663637,18803.479069767443,106.589557,19191.088188976377,527.56164452,19167.47796610169,177.58499185000005,18231.533779527555,0.3032522888554901,0.657548466001411,1,0,0,Low,Medium,Low
2023-01-13 16:00:00,1018.82807063,18930.986861313868,207.399969,19159.45652173913,636.41539745,19300.2706185567,382.41267318,18201.48369565217,0.4381527592037664,0.6941206889419425,0,1,0,Medium,Medium,Low
2023-01-13 17:00:00,902.08812463,18858.98336414048,87.41355,19293.906077348067,623.3850763,19312.89256198347,278.70304833,18329.210773480663,0.3879480868712013,0.6734683984490575,0,1,0,Medium,Medium,Low
2023-01-13 18:00:00,703.6715972,19174.992307692308,18.826845,19312.71663244353,603.04417265,19393.584558823528,100.62742455,18347.080800821357,0.3026179399394169,0.7641071695752242,1,0,0,Low,Medium,Low
2023-01-13 19:00:00,700.00532922,19161.58265582656,16.4732,19305.222222222223,525.6286320199999,19421.07659574468,174.37669720000008,18339.96111111111,0.3010412407124079,0.7602609671460145,1,0,0,Low,Medium,Low
2023-01-13 20:00:00,719.2608192499999,19173.94387755102,61.781964,19409.53522727273,567.64201603,19451.10285714285,151.6188032199999,18439.058465909093,0.3093221728241901,0.7638064552392629,1,0,0,Low,Medium,Low
2023-01-13 21:00:00,879.1457185,19263.78584729981,210.784879,19683.18436657682,391.40545768,19558.071856287424,487.74026082000006,18699.02514824798,0.3780815756919235,0.7895752377365497,0,1,0,Medium,High,Low
2023-01-13 22:00:00,1126.4097939,19398.817319098456,114.294688,19886.316455696204,516.21829712,19943.81069958848,610.1914967800001,18892.000632911397,0.4844188861877814,0.8283054285014817,0,1,0,Medium,High,Low
2023-01-13 23:00:00,1139.33331896,19418.825594563987,107.524853,19845.40445026178,675.62570707,20025.29179331307,463.70761189000007,18853.13422774869,0.4899767210442323,0.8340442708271647,0,1,0,Medium,High,Low
2023-01-14 00:00:00,1242.38838696,19453.33823529412,775.533217,20841.82958098812,514.24201931,20062.376470588235,728.1463676499999,19799.738101938718,0.5342961343935431,0.8439433050410017,0,1,0,Medium,High,High
2023-01-14 01:00:00,2126.8925643,19935.41962421712,149.24228,20898.039780521263,950.1221658,21286.2180156658,1176.7703984999998,19853.1377914952,0.9146821455378328,0.9822155456417184,0,0,1,High,High,Low
2023-01-14 02:00:00,2265.05265135,19958.42150866463,95.846284,20952.94623655914,980.78040974,21305.601648351647,1284.27224161,19905.29892473118,0.9740986703645956,0.9888130251828828,0,0,1,High,High,Low
2023-01-14 03:00:00,2325.28050829,19963.92194627471,76.243153,20893.39050535988,1066.29605167,21303.43442622951,1258.98445662,19848.720980091883,1.0,0.9903906795999716,0,0,1,High,High,Low
2023-01-14 04:00:00,2273.66515674,19972.922651933703,43.258137,20940.46935201401,945.08556016,21322.15395683453,1328.5795965799998,19893.445884413308,0.9778025268925692,0.9929722929272078,0,0,1,High,High,Low
2023-01-14 05:00:00,2133.43568296,19941.420124481327,66.56687,20851.96871088861,1034.26284837,21262.9864698647,1099.17283459,19809.37027534418,0.9174960506287124,0.9839366297476831,0,0,1,High,High,Low
2023-01-14 06:00:00,2097.951581,19913.917778964227,44.311604,20923.60459770115,997.2526246,21260.4804400978,1100.6989563999998,19877.42436781609,0.9022359124073264,0.9760483124971042,0,0,1,High,High,Low
2023-01-14 07:00:00,2295.6148433,19973.423192771083,17.46981,20933.45054945055,1034.73912881,21288.55249343832,1260.8757144899998,19886.77802197802,0.987242113420623,0.9931158597702492,0,0,1,High,High,Low
2023-01-14 08:00:00,2211.73195285,19947.4206185567,15.987205,20962.74798927614,1008.71019961,21294.06790945406,1203.0217532400002,19914.61058981233,0.9511678031810868,0.985657712078547,0,0,1,High,High,Low
2023-01-14 09:00:00,2301.44994195,19997.42450980392,280.704481,20584.12175204157,1565.48888364,21080.180814940577,735.9610583099998,19554.91566443949,0.989751530512108,1.0,0,0,1,Medium,High,Medium
2023-01-14 10:00:00,1897.82607091,19757.401282051283,98.447204,20406.34529582929,1483.03216656,21103.70910698497,414.7939043500001,19386.028031037826,0.8161708078418686,0.9311557129975112,0,0,1,Medium,High,Low
2023-01-14 11:00:00,2020.8560609,19842.41098265896,59.30634,20676.909952606635,1549.52333201,21090.693171996543,471.33272889,19643.064454976306,0.8690805490758308,0.9555384874540812,0,0,1,Medium,High,Low
2023-01-14 12:00:00,1940.70994562,19854.41220068415,97.548732,20811.81040462428,1246.73771704,21200.85592315902,693.9722285800001,19771.219884393067,0.8346132600781094,0.9589807180491848,0,0,1,Medium,High,Low
2023-01-14 13:00:00,2227.8789851,19946.92057761733,65.220838,20886.21675531915,986.60058214,21275.51776649746,1241.2784029600002,19841.90591755319,0.958111925489098,0.9855142886179696,0,0,1,High,High,Low
2023-01-14 14:00:00,2181.60600376,19956.421348314605,305.469688,20882.338495575223,922.56608459,21303.094133697134,1259.0399191699998,19838.22157079646,0.9382119688279428,0.9882393323179164,0,0,1,High,High,Medium
2023-01-14 15:00:00,2183.52145685,19904.916981132075,162.054871,20789.11083540116,1197.70929483,21210.8745910578,985.81216202,19749.6552936311,0.939035720234782,0.973466672732445,0,0,1,High,High,Low
2023-01-14 16:00:00,0.0,19900.41657439837,61.845875,20806.61651917404,0.0,21224.65249274468,0.0,19766.285693215337,0.0,0.9721758506078376,1,0,0,Low,High,Low
2023-01-14 17:00:00,1953.98211355,19895.91616766467,146.165559,20828.990731204944,1144.64083503,21238.430394431554,809.3412785199998,19787.54119464469,0.8403210307675735,0.9708850284832292,0,0,1,Medium,High,Low
2023-01-14 18:00:00,2016.51352681,19867.913531723752,85.070921,20734.249350649352,1228.1065214,21215.38325991189,788.40700541,19697.53688311688,0.867213017793253,0.9628532162140876,0,0,1,Medium,High,Low
2023-01-14 19:00:00,2045.71155552,19892.91589295467,76.644765,20788.722426470587,1230.7631874,21214.882288228822,814.9483681199999,19749.286305147056,0.8797697947523787,0.9700244793807292,0,0,1,High,High,Low
2023-01-14 20:00:00,2024.88671301,19887.9176276771,22.389107,20816.88852459017,1134.00348397,21236.42609699769,890.8832290400001,19776.04409836066,0.8708139537535159,0.9685908597577226,0,0,1,High,High,Low
2023-01-14 21:00:00,2285.45254029,19930.419727177334,62.526503,20892.92547660312,1031.10559158,21277.522959183672,1254.34694871,19848.279202772963,0.9828717576834248,0.980781457991065,0,0,1,High,High,Low
2023-01-14 22:00:00,2218.07200563,19943.92033109157,34.025334,20931.214285714286,983.52653674,21290.558047493403,1234.5454688900002,19884.65357142857,0.9538943786447336,0.9846537475993706,0,0,1,High,High,Low
2023-01-14 23:00:00,2301.91848879,19987.92380009896,24.140398,21022.40855457227,857.36688905,21337.7078313253,1444.55159974,19971.28812684365,0.989953031723824,0.9972749737940791,0,0,1,High,High,Low
2023-01-15 00:00:00,2285.91406279,19971.422535211263,76.132959,20814.48364485981,909.31131355,21318.140825035563,1376.60274924,19773.759462616817,0.983070238038098,0.9925420242938596,0,0,1,High,High,Low
2023-01-15 01:00:00,1907.67075395,19870.4137737962,26.331832,20723.611842105263,1212.85220655,21221.39508928572,694.8185473999999,19687.43125,0.8204045693192052,0.9635703442371648,0,0,1,Medium,High,Low
2023-01-15 02:00:00,2022.35887368,19879.914681440445,11.850095,20744.15182186235,1240.60300282,21226.40519187359,781.75587086,19706.94423076923,0.8697268421895614,0.9662954272167124,0,0,1,Medium,High,Low
2023-01-15 03:00:00,1905.20877191,19829.409624413147,52.196906,20651.94880546075,1242.8205127,21192.84155299056,662.3882592099999,19619.35136518771,0.8193457800543305,0.951809393204006,0,0,1,Medium,High,Low
2023-01-15 04:00:00,2046.89055639,19853.91215059897,13.045022,20725.442176870747,1244.17641315,21200.85485592316,802.7141432400001,19689.170068027208,0.8802768307275209,0.9588372919653764,0,0,1,Medium,High,Low
2023-01-15 05:00:00,2044.05240592,19869.913725490194,9.110356,20749.05188679245,1195.19422344,21188.834547346512,848.8581824799999,19711.59929245283,0.8790562681072772,0.963426918663666,0,0,1,High,High,Low
2023-01-15 06:00:00,0.0,19861.662912973406,15.515884,20755.52537313433,0.0,21195.09569247668,0.0,19717.74910447761,0.0,0.9610603922644172,1,0,0,Low,High,Low
2023-01-15 07:00:00,1982.99840086,19853.412100456622,9.084323,20707.06574394464,1228.49165557,21201.35683760684,754.50674529,19671.71245674741,0.8527996488123867,0.95869386586517,0,0,1,Medium,High,Low
2023-01-15 08:00:00,2051.13047344,19860.41279728199,30.896106,20675.095041322315,1244.81129161,21206.867027027027,806.3191818300002,19641.3402892562,0.8821002309731618,0.9607018297858944,0,0,1,Medium,High,Low
2023-01-15 09:00:00,1892.53882555,19813.407894736843,30.944897,20647.01886792453,1313.5951946,21147.768935762226,578.9436309499999,19614.6679245283,0.8138969981483067,0.9472197221097272,0,0,1,Medium,High,Low
2023-01-15 10:00:00,0.0,19828.159464410597,10.532836,20738.06546275395,0.0,21177.06751323748,0.0,19701.16218961625,0.0,0.95145081801601,1,0,0,Low,High,Low
2023-01-15 11:00:00,1939.4951925,19842.911034084344,32.908703,20708.09836065574,1134.23123325,21206.36609071274,805.26395925,19672.69344262295,0.8340908486461684,0.9556819139222918,0,0,1,Medium,High,Low
